2158,455342,22.30155854,114.1903085,2.894
2158,455343,22.30155851,114.1903085,2.884
2158,455344,22.30155849,114.1903085,2.874
2158,455345,22.30155846,114.1903085,2.863
2158,455346,22.30155843,114.1903084,2.852
2158,455347,22.30155851,114.1903082,2.841
2158,455348,22.30155953,114.1903053,2.827
2158,455349,22.30156107,114.1902989,2.802
2158,455350,22.30156253,114.190289,2.775
2158,455351,22.30156539,114.1902763,2.752
2158,455352,22.30157197,114.190265,2.73
2158,455353,22.30158203,114.1902559,2.704
2158,455354,22.30159406,114.1902474,2.687
2158,455355,22.30160767,114.1902392,2.69
2158,455356,22.30162319,114.1902304,2.704
2158,455357,22.30164494,114.1902189,2.721
2158,455358,22.3016734,114.1902049,2.731
2158,455359,22.3017078,114.1901889,2.745
2158,455360,22.30174642,114.1901709,2.766
2158,455361,22.30178931,114.1901508,2.782
2158,455362,22.30183657,114.1901281,2.785
2158,455363,22.30188724,114.1901033,2.783
2158,455364,22.30194029,114.1900769,2.773
2158,455365,22.30199299,114.1900506,2.757
2158,455366,22.30204454,114.1900254,2.738
2158,455367,22.30209464,114.190001,2.698
2158,455368,22.30214302,114.1899765,2.672
2158,455369,22.30218893,114.1899502,2.618
2158,455370,22.30222964,114.1899185,2.556
2158,455371,22.30226255,114.1898807,2.53
2158,455372,22.30228494,114.189838,2.528
2158,455373,22.30229594,114.1897936,2.55
2158,455374,22.30229669,114.1897495,2.559
2158,455375,22.30228783,114.1897069,2.581
2158,455376,22.30227065,114.1896678,2.6
2158,455377,22.30224936,114.1896309,2.638
2158,455378,22.30222663,114.1895941,2.688
2158,455379,22.30220451,114.1895587,2.745
2158,455380,22.30218374,114.1895262,2.796
2158,455381,22.30216366,114.1894956,2.846
2158,455382,22.30214504,114.1894676,2.869
2158,455383,22.30212646,114.189441,2.912
2158,455384,22.30210643,114.1894129,2.951
2158,455385,22.30208505,114.189382,2.988
2158,455386,22.30206308,114.1893458,3.029
2158,455387,22.30204274,114.1893027,3.069
2158,455388,22.30202767,114.1892536,3.122
2158,455389,22.30202107,114.1892015,3.162
2158,455390,22.30202436,114.1891478,3.235
2158,455391,22.30203921,114.1890938,3.25
2158,455392,22.30206322,114.1890406,3.28
2158,455393,22.30209233,114.1889884,3.338
2158,455394,22.30212221,114.1889391,3.408
2158,455395,22.30215051,114.1888931,3.485
2158,455396,22.30217518,114.1888524,3.541
2158,455397,22.3021929,114.1888191,3.583
2158,455398,22.30220382,114.1887947,3.604
2158,455399,22.30221053,114.1887771,3.604
2158,455400,22.30221542,114.1887613,3.591
2158,455401,22.3022178,114.1887441,3.565
2158,455402,22.30221433,114.1887286,3.529
2158,455403,22.30220633,114.1887169,3.511
2158,455404,22.30219682,114.18871,3.511
2158,455405,22.30219262,114.1887082,3.513
2158,455406,22.30219253,114.1887081,3.513
2158,455407,22.30219249,114.1887081,3.513
2158,455408,22.30219249,114.1887081,3.514
2158,455409,22.30219249,114.1887081,3.516
2158,455410,22.3021925,114.1887081,3.517
2158,455411,22.30219251,114.1887081,3.518
2158,455412,22.30219252,114.1887081,3.519
2158,455413,22.30219252,114.1887081,3.52
2158,455414,22.30219253,114.1887081,3.521
2158,455415,22.30219254,114.1887081,3.522
2158,455416,22.30219258,114.1887082,3.52
2158,455417,22.30219261,114.1887082,3.518
2158,455418,22.30219262,114.1887082,3.52
2158,455419,22.30219262,114.1887082,3.52
2158,455420,22.30219262,114.1887082,3.52
2158,455421,22.30219262,114.1887082,3.52
2158,455422,22.30219262,114.1887082,3.52
2158,455423,22.30219262,114.1887082,3.52
2158,455424,22.30219262,114.1887082,3.52
2158,455425,22.30219262,114.1887082,3.52
2158,455426,22.30219262,114.1887082,3.52
2158,455427,22.30219262,114.1887082,3.52
2158,455428,22.30219262,114.1887082,3.52
2158,455429,22.30219262,114.1887082,3.52
2158,455430,22.30219262,114.1887082,3.52
2158,455431,22.30219262,114.1887082,3.52
2158,455432,22.30219263,114.1887082,3.522
2158,455433,22.30219266,114.1887082,3.524
2158,455434,22.30219271,114.1887083,3.524
2158,455435,22.30219274,114.1887083,3.527
2158,455436,22.30219274,114.1887083,3.531
2158,455437,22.30219274,114.1887083,3.535
2158,455438,22.30219275,114.1887083,3.54
2158,455439,22.30219276,114.1887083,3.546
2158,455440,22.30219276,114.1887083,3.552
2158,455441,22.30219276,114.1887083,3.559
2158,455442,22.30219184,114.1887079,3.566
2158,455443,22.302182,114.188705,3.58
2158,455444,22.30215719,114.1886969,3.603
2158,455445,22.30211879,114.1886815,3.618
2158,455446,22.30207021,114.1886564,3.641
2158,455447,22.30201263,114.1886224,3.698
2158,455448,22.3019499,114.1885814,3.766
2158,455449,22.30188973,114.188535,3.83
2158,455450,22.30183317,114.1884825,3.904
2158,455451,22.30177924,114.1884248,3.99
2158,455452,22.30172976,114.1883633,4.077
2158,455453,22.30168494,114.1882999,4.143
2158,455454,22.30164158,114.1882334,4.216
2158,455455,22.30159579,114.1881633,4.228
2158,455456,22.30155206,114.1880915,4.225
2158,455457,22.30151223,114.1880203,4.191
2158,455458,22.30147771,114.1879526,4.154
2158,455459,22.301448,114.1878908,4.145
2158,455460,22.30142288,114.1878362,4.149
2158,455461,22.30140305,114.1877912,4.183
2158,455462,22.30138904,114.1877585,4.219
2158,455463,22.30138094,114.1877392,4.262
2158,455464,22.30137655,114.1877286,4.314
2158,455465,22.30137439,114.1877233,4.37
2158,455466,22.30137351,114.187721,4.424
2158,455467,22.30137291,114.1877192,4.474
2158,455468,22.30137154,114.1877153,4.519
2158,455469,22.3013713,114.1877144,4.558
2158,455470,22.30137137,114.1877145,4.589
2158,455471,22.30137144,114.1877146,4.615
2158,455472,22.30137148,114.1877147,4.635
2158,455473,22.30137114,114.1877138,4.648
2158,455474,22.30137047,114.1877105,4.655
2158,455475,22.30137004,114.1877042,4.654
2158,455476,22.30137291,114.1876902,4.671
2158,455477,22.30138371,114.1876751,4.832
2158,455478,22.30140416,114.1876672,4.933
2158,455479,22.30142835,114.1876735,4.924
2158,455480,22.30144836,114.1876952,4.897
2158,455481,22.30146225,114.1877267,4.888
2158,455482,22.30147624,114.1877666,4.896
2158,455483,22.30149185,114.1878143,4.605
2158,455484,22.30150963,114.1878655,4.07
2158,455485,22.30153346,114.1879219,4.102
2158,455486,22.30156084,114.1879789,4.103
2158,455487,22.30158987,114.1880327,4.111
2158,455488,22.30161988,114.1880828,4.119
2158,455489,22.30165043,114.1881289,4.113
2158,455490,22.30168026,114.1881703,4.101
2158,455491,22.30170849,114.1882069,4.082
2158,455492,22.30173281,114.1882369,4.051
2158,455493,22.30175163,114.1882593,4.029
2158,455494,22.30176293,114.1882725,4.125
2158,455495,22.30176811,114.1882786,4.272
2158,455496,22.30176879,114.1882793,4.25
2158,455497,22.30176879,114.1882792,4.23
2158,455498,22.30176878,114.1882792,4.207
2158,455499,22.30176878,114.1882792,4.194
2158,455500,22.30176878,114.1882792,4.183
2158,455501,22.30176879,114.1882792,4.17
2158,455502,22.30176879,114.1882792,4.158
2158,455503,22.30176879,114.1882792,4.146
2158,455504,22.3017688,114.1882792,4.134
2158,455505,22.3017688,114.1882792,4.121
2158,455506,22.30176881,114.1882792,4.108
2158,455507,22.30176881,114.1882792,4.095
2158,455508,22.30176881,114.1882791,4.082
2158,455509,22.3017688,114.1882791,4.069
2158,455510,22.30176879,114.1882791,4.057
2158,455511,22.30176878,114.1882791,4.045
2158,455512,22.30176878,114.1882791,4.033
2158,455513,22.30176877,114.1882791,4.021
2158,455514,22.30176876,114.1882792,4.011
2158,455515,22.30176874,114.1882792,4.002
2158,455516,22.30176874,114.1882792,3.997
2158,455517,22.30176874,114.1882792,3.996
2158,455518,22.30176873,114.1882792,3.994
2158,455519,22.30176873,114.1882792,3.992
2158,455520,22.30176872,114.1882792,3.99
2158,455521,22.30176872,114.1882792,3.988
2158,455522,22.30176872,114.1882792,3.982
2158,455523,22.30176879,114.1882793,3.97
2158,455524,22.30177082,114.1882815,3.957
2158,455525,22.30177773,114.1882892,3.932
2158,455526,22.30179314,114.1883057,3.898
2158,455527,22.30181585,114.1883289,3.854
2158,455528,22.30184569,114.1883574,3.802
2158,455529,22.30188172,114.1883887,3.763
2158,455530,22.30192423,114.1884217,3.707
2158,455531,22.30197332,114.1884545,3.64
2158,455532,22.30202651,114.1884843,3.589
2158,455533,22.30208312,114.1885113,3.545
2158,455534,22.30214066,114.1885341,3.493
2158,455535,22.30219604,114.1885525,3.44
2158,455536,22.30224767,114.1885668,3.416
2158,455537,22.3022951,114.1885779,3.39
2158,455538,22.30233853,114.1885869,3.364
2158,455539,22.30237356,114.1885934,3.349
2158,455540,22.30239808,114.1885973,3.351
2158,455541,22.30241308,114.1885994,3.35
2158,455542,22.30242129,114.1886004,3.349
2158,455543,22.30242447,114.1886007,3.35
2158,455544,22.30242452,114.1886007,3.353
2158,455545,22.30242451,114.1886007,3.355
2158,455546,22.30242451,114.1886007,3.356
2158,455547,22.30242451,114.1886007,3.357
2158,455548,22.30242451,114.1886007,3.358
2158,455549,22.30242452,114.1886007,3.358
2158,455550,22.30242452,114.1886007,3.358
2158,455551,22.30242452,114.1886007,3.358
2158,455552,22.30242452,114.1886007,3.358
2158,455553,22.30242452,114.1886007,3.358
2158,455554,22.30242452,114.1886007,3.358
2158,455555,22.30242451,114.1886007,3.357
2158,455556,22.30242451,114.1886007,3.356
2158,455557,22.3024245,114.1886007,3.354
2158,455558,22.3024245,114.1886007,3.353
2158,455559,22.3024245,114.1886007,3.351
2158,455560,22.3024245,114.1886007,3.349
2158,455561,22.30242451,114.1886007,3.346
2158,455562,22.30242499,114.1886008,3.341
2158,455563,22.30242874,114.1886012,3.335
2158,455564,22.30243841,114.1886021,3.323
2158,455565,22.30245753,114.1886032,3.311
2158,455566,22.30248584,114.1886031,3.297
2158,455567,22.30252225,114.1886002,3.281
2158,455568,22.30256626,114.188593,3.252
2158,455569,22.30261672,114.1885798,3.207
2158,455570,22.30266994,114.1885628,3.168
2158,455571,22.30272476,114.1885423,3.121
2158,455572,22.30278142,114.1885177,3.087
2158,455573,22.30283963,114.1884883,3.057
2158,455574,22.30289893,114.1884534,3.008
2158,455575,22.30295712,114.1884123,2.823
2158,455576,22.30301228,114.1883645,2.523
2158,455577,22.30306442,114.1883103,2.063
2158,455578,22.30311525,114.18825,1.553
2158,455579,22.30316534,114.1881831,1.03
2158,455580,22.30321421,114.1881112,0.49
2158,455581,22.30326268,114.1880349,
2158,455582,22.30331343,114.1879541,
2158,455583,22.30336656,114.1878685,
2158,455584,22.30342133,114.1877803,
2158,455585,22.30347781,114.1876913,
2158,455586,22.30353438,114.1876022,
2158,455587,22.30359006,114.1875135,
2158,455588,22.30364605,114.1874245,
2158,455589,22.30370213,114.1873368,
2158,455590,22.30375661,114.187253,
2158,455591,22.30380953,114.1871735,
2158,455592,22.30386103,114.1870988,
2158,455593,22.3039102,114.1870284,
2158,455594,22.30395706,114.1869625,
2158,455595,22.30400198,114.1869006,
2158,455596,22.30404489,114.1868419,
2158,455597,22.3040852,114.1867888,
2158,455598,22.30412077,114.1867418,0.077
2158,455599,22.3041519,114.1867008,0.408
2158,455600,22.3041785,114.1866658,0.689
2158,455601,22.30420006,114.1866377,0.918
2158,455602,22.30421752,114.186615,1.096
2158,455603,22.30423481,114.1865926,1.284
2158,455604,22.30425305,114.1865692,1.477
2158,455605,22.30427288,114.186544,1.689
2158,455606,22.30429287,114.1865194,1.88
2158,455607,22.30431069,114.1864982,2.034
2158,455608,22.30432879,114.186477,2.178
2158,455609,22.30434531,114.186458,2.289
2158,455610,22.30435871,114.1864433,2.376
2158,455611,22.30436938,114.186432,2.444
2158,455612,22.30437772,114.1864229,2.494
2158,455613,22.3043846,114.1864155,2.531
2158,455614,22.30438937,114.1864104,2.552
2158,455615,22.30439192,114.1864077,2.565
2158,455616,22.30439265,114.1864069,2.569
2158,455617,22.30439268,114.1864068,2.57
2158,455618,22.30439268,114.1864068,2.57
2158,455619,22.30439268,114.1864068,2.57
2158,455620,22.30439268,114.1864068,2.57
2158,455621,22.30439267,114.1864069,2.568
2158,455622,22.30439267,114.1864069,2.562
2158,455623,22.3043927,114.1864068,2.555
2158,455624,22.30439383,114.1864056,2.553
2158,455625,22.30439662,114.1864026,2.557
2158,455626,22.30440158,114.1863973,2.567
2158,455627,22.30440579,114.1863928,2.575
2158,455628,22.30440708,114.1863913,2.571
2158,455629,22.30440928,114.1863889,2.57
2158,455630,22.3044158,114.1863818,2.583
2158,455631,22.30443005,114.1863663,2.615
2158,455632,22.30445166,114.1863428,2.657
2158,455633,22.30447983,114.1863121,2.71
2158,455634,22.30451381,114.1862748,2.741
2158,455635,22.30455151,114.1862318,2.778
2158,455636,22.30459042,114.186186,2.852
2158,455637,22.30462715,114.1861412,3.009
2158,455638,22.30466164,114.1860977,3.105
2158,455639,22.30469398,114.1860559,3.18
2158,455640,22.30472617,114.186015,3.231
2158,455641,22.30475842,114.1859763,3.264
2158,455642,22.30479521,114.1859455,3.268
2158,455643,22.30483716,114.18593,3.214
2158,455644,22.30487976,114.1859325,3.122
2158,455645,22.30491813,114.1859507,3.012
2158,455646,22.30495291,114.1859788,2.906
2158,455647,22.30498743,114.1860115,2.822
2158,455648,22.30502403,114.1860451,2.751
2158,455649,22.30506313,114.1860784,2.709
2158,455650,22.30510553,114.1861114,2.651
2158,455651,22.30515052,114.1861433,2.59
2158,455652,22.30519534,114.1861739,2.53
2158,455653,22.30523837,114.1862038,2.475
2158,455654,22.30527926,114.1862332,2.473
2158,455655,22.305318,114.1862617,2.477
2158,455656,22.3053541,114.1862872,2.467
2158,455657,22.3053862,114.1863094,2.47
2158,455658,22.30541428,114.1863277,2.477
2158,455659,22.30544151,114.1863418,2.523
2158,455660,22.30547307,114.1863503,2.55
2158,455661,22.30550303,114.186348,2.559
2158,455662,22.30552971,114.1863361,2.605
2158,455663,22.30555153,114.1863172,2.656
2158,455664,22.30557189,114.186292,2.718
2158,455665,22.30558989,114.1862653,2.751
2158,455666,22.3056102,114.1862349,2.763
2158,455667,22.30563306,114.1861995,2.813
2158,455668,22.30565809,114.1861603,2.852
2158,455669,22.3056836,114.18612,2.895
2158,455670,22.30570987,114.1860784,2.931
2158,455671,22.30573598,114.1860365,2.973
2158,455672,22.30576124,114.1859964,3.016
2158,455673,22.30578567,114.1859583,3.068
2158,455674,22.30580957,114.1859211,3.117
2158,455675,22.30583255,114.1858853,3.184
2158,455676,22.30585425,114.1858514,3.24
2158,455677,22.30587444,114.1858197,3.278
2158,455678,22.30589298,114.1857907,3.323
2158,455679,22.30590966,114.1857645,3.37
2158,455680,22.30592554,114.1857396,3.389
2158,455681,22.30594316,114.1857118,3.414
2158,455682,22.30596114,114.1856827,3.453
2158,455683,22.30597944,114.1856544,3.477
2158,455684,22.30599775,114.1856257,3.504
2158,455685,22.30601773,114.1855963,3.531
2158,455686,22.30603971,114.1855656,3.543
2158,455687,22.30606084,114.1855343,3.561
2158,455688,22.30608092,114.1855018,3.604
2158,455689,22.30609954,114.1854701,3.623
2158,455690,22.30611562,114.1854415,3.629
2158,455691,22.3061286,114.1854174,3.623
2158,455692,22.30613843,114.1853968,3.62
2158,455693,22.30614729,114.1853786,3.616
2158,455694,22.30615756,114.1853608,3.609
2158,455695,22.30617313,114.1853365,3.623
2158,455696,22.30619433,114.1853034,3.651
2158,455697,22.30621875,114.1852652,3.668
2158,455698,22.30624529,114.1852264,3.666
2158,455699,22.30627497,114.1851889,3.687
2158,455700,22.30630516,114.1851552,3.688
2158,455701,22.30633088,114.1851238,3.678
2158,455702,22.30635189,114.1850936,3.693
2158,455703,22.30636821,114.185068,3.7
2158,455704,22.30637916,114.1850505,3.704
2158,455705,22.30638603,114.1850396,3.708
2158,455706,22.30638991,114.1850337,3.703
2158,455707,22.30639147,114.1850316,3.694
2158,455708,22.30639179,114.1850318,3.674
2158,455709,22.30639232,114.185032,3.64
2158,455710,22.30639298,114.1850322,3.606
2158,455711,22.30639302,114.1850323,3.602
2158,455712,22.30639304,114.1850323,3.6
2158,455713,22.30639306,114.1850323,3.598
2158,455714,22.30639308,114.1850323,3.595
2158,455715,22.3063931,114.1850324,3.593
2158,455716,22.30639312,114.1850324,3.59
2158,455717,22.30639314,114.1850324,3.588
2158,455718,22.30639317,114.1850324,3.585
2158,455719,22.3063932,114.1850325,3.582
2158,455720,22.30639323,114.1850325,3.574
2158,455721,22.30639351,114.1850326,3.561
2158,455722,22.30639373,114.1850327,3.547
2158,455723,22.3063941,114.1850324,3.527
2158,455724,22.30639634,114.185029,3.508
2158,455725,22.30640261,114.1850193,3.484
2158,455726,22.30641639,114.1849977,3.46
2158,455727,22.30643701,114.1849651,3.44
2158,455728,22.30646155,114.1849257,3.458
2158,455729,22.3064876,114.1848839,3.505
2158,455730,22.30651472,114.184843,3.42
2158,455731,22.3065403,114.184803,3.423
2158,455732,22.30656394,114.1847657,3.428
2158,455733,22.30658487,114.1847327,3.415
2158,455734,22.30660281,114.1847045,3.429
2158,455735,22.30661722,114.1846814,3.429
2158,455736,22.30662852,114.1846636,3.428
2158,455737,22.30663706,114.1846501,3.425
2158,455738,22.30664325,114.1846402,3.419
2158,455739,22.30664716,114.1846339,3.425
2158,455740,22.30664885,114.1846312,3.43
2158,455741,22.30664892,114.1846312,3.435
2158,455742,22.30664896,114.1846313,3.438
2158,455743,22.30664899,114.1846313,3.442
2158,455744,22.30664898,114.1846313,3.444
2158,455745,22.30664898,114.1846313,3.445
2158,455746,22.30664898,114.1846313,3.445
2158,455747,22.30664898,114.1846313,3.446
2158,455748,22.30664898,114.1846313,3.446
2158,455749,22.30664898,114.1846313,3.447
2158,455750,22.30664898,114.1846313,3.447
2158,455751,22.30664898,114.1846313,3.447
2158,455752,22.30664898,114.1846313,3.448
2158,455753,22.30664898,114.1846313,3.448
2158,455754,22.30664898,114.1846313,3.449
2158,455755,22.30664898,114.1846313,3.449
2158,455756,22.30664898,114.1846313,3.45
2158,455757,22.30664898,114.1846313,3.45
2158,455758,22.30664898,114.1846313,3.451
2158,455759,22.30664898,114.1846313,3.451
2158,455760,22.30664898,114.1846313,3.452
2158,455761,22.30664898,114.1846313,3.452
2158,455762,22.30664898,114.1846313,3.453
2158,455763,22.30664898,114.1846313,3.453
2158,455764,22.30664898,114.1846313,3.453
2158,455765,22.30664898,114.1846313,3.454
2158,455766,22.30664898,114.1846313,3.454
2158,455767,22.30664898,114.1846313,3.455
2158,455768,22.30664897,114.1846313,3.455
2158,455769,22.30664897,114.1846313,3.456
2158,455770,22.30664896,114.1846312,3.456
2158,455771,22.30664895,114.1846312,3.457
2158,455772,22.30664895,114.1846312,3.457
2158,455773,22.30664894,114.1846312,3.458
2158,455774,22.30664893,114.1846312,3.458
2158,455775,22.30664893,114.1846312,3.459
2158,455776,22.30664892,114.1846312,3.459
2158,455777,22.30664891,114.1846312,3.46
2158,455778,22.30664891,114.1846312,3.46
2158,455779,22.3066489,114.1846312,3.46
2158,455780,22.30664889,114.1846312,3.461
2158,455781,22.30664889,114.1846312,3.461
2158,455782,22.30664888,114.1846312,3.462
2158,455783,22.30664887,114.1846312,3.462
2158,455784,22.30664886,114.1846312,3.463
2158,455785,22.30664886,114.1846312,3.463
2158,455786,22.30664885,114.1846312,3.464
2158,455787,22.30664884,114.1846312,3.464
2158,455788,22.30664884,114.1846312,3.465
2158,455789,22.30664883,114.1846312,3.465
2158,455790,22.30664882,114.1846312,3.466
2158,455791,22.30664881,114.1846312,3.457
2158,455792,22.30664883,114.1846312,3.408
2158,455793,22.30664886,114.1846312,3.361
2158,455794,22.3066489,114.1846311,3.321
2158,455795,22.30664899,114.1846311,3.285
2158,455796,22.30665024,114.1846291,3.258
2158,455797,22.30665401,114.1846233,3.231
2158,455798,22.30666401,114.1846075,3.212
2158,455799,22.30667974,114.1845825,3.207
2158,455800,22.30669955,114.1845506,3.197
2158,455801,22.30671996,114.184517,3.17
2158,455802,22.30674264,114.1844799,3.137
2158,455803,22.30676676,114.1844403,3.125
2158,455804,22.30679031,114.1844009,3.199
2158,455805,22.30681279,114.184364,3.412
2158,455806,22.30683473,114.1843326,3.536
2158,455807,22.3068619,114.1843081,3.575
2158,455808,22.30690042,114.1842968,3.472
2158,455809,22.30694498,114.1843042,3.414
2158,455810,22.30698865,114.1843278,3.413
2158,455811,22.30703164,114.1843587,3.465
2158,455812,22.30707711,114.1843929,3.522
2158,455813,22.30712591,114.1844301,3.591
2158,455814,22.30717789,114.1844683,3.573
2158,455815,22.30723121,114.1845071,3.525
2158,455816,22.30728391,114.1845454,3.523
2158,455817,22.30733274,114.1845817,3.573
2158,455818,22.30737721,114.1846154,3.612
2158,455819,22.30741749,114.1846465,3.658
2158,455820,22.30745379,114.1846743,3.694
2158,455821,22.30748471,114.1846974,3.719
2158,455822,22.30751088,114.1847172,3.746
2158,455823,22.30753275,114.1847335,3.75
2158,455824,22.30754901,114.1847455,3.758
2158,455825,22.30756009,114.1847536,3.765
2158,455826,22.30756612,114.184758,3.784
2158,455827,22.3075675,114.184759,3.79
2158,455828,22.3075675,114.1847589,3.789
2158,455829,22.3075675,114.184759,3.786
2158,455830,22.30756749,114.184759,3.784
2158,455831,22.30756748,114.184759,3.786
2158,455832,22.30756748,114.184759,3.787
2158,455833,22.30756748,114.184759,3.788
2158,455834,22.30756748,114.184759,3.789
2158,455835,22.30756748,114.184759,3.79
2158,455836,22.30756748,114.184759,3.791
2158,455837,22.30756748,114.184759,3.792
2158,455838,22.30756747,114.184759,3.793
2158,455839,22.30756747,114.184759,3.793
2158,455840,22.30756747,114.184759,3.794
2158,455841,22.30756747,114.184759,3.795
2158,455842,22.30756747,114.184759,3.796
2158,455843,22.30756747,114.184759,3.797
2158,455844,22.30756747,114.184759,3.798
2158,455845,22.30756747,114.184759,3.799
2158,455846,22.30756747,114.184759,3.8
2158,455847,22.30756747,114.184759,3.8
2158,455848,22.30756746,114.1847589,3.801
2158,455849,22.30756746,114.1847589,3.802
2158,455850,22.30756746,114.1847589,3.803
2158,455851,22.30756746,114.1847589,3.804
2158,455852,22.30756746,114.1847589,3.805
2158,455853,22.30756746,114.1847589,3.805
2158,455854,22.30756746,114.1847589,3.806
2158,455855,22.30756746,114.1847589,3.807
2158,455856,22.30756746,114.1847589,3.808
2158,455857,22.30756746,114.1847589,3.809
2158,455858,22.30756746,114.1847589,3.809
2158,455859,22.30756746,114.1847589,3.81
2158,455860,22.30756746,114.1847589,3.811
2158,455861,22.30756745,114.1847589,3.812
2158,455862,22.30756745,114.1847589,3.813
2158,455863,22.30756745,114.1847589,3.813
2158,455864,22.30756745,114.1847589,3.814
2158,455865,22.30756745,114.1847589,3.815
2158,455866,22.30756745,114.1847589,3.816
2158,455867,22.30756745,114.1847589,3.816
2158,455868,22.30756745,114.1847589,3.817
2158,455869,22.30756745,114.1847589,3.817
2158,455870,22.30756745,114.1847589,3.818
2158,455871,22.30756745,114.1847589,3.818
2158,455872,22.30756744,114.1847588,3.818
2158,455873,22.30756744,114.1847588,3.818
2158,455874,22.30756744,114.1847588,3.818
2158,455875,22.30756744,114.1847588,3.818
2158,455876,22.30756744,114.1847588,3.818
2158,455877,22.30756744,114.1847588,3.818
2158,455878,22.30756744,114.1847588,3.818
2158,455879,22.30756744,114.1847588,3.818
2158,455880,22.30756744,114.1847588,3.818
2158,455881,22.30756744,114.1847588,3.818
2158,455882,22.30756744,114.1847588,3.818
2158,455883,22.30756746,114.1847588,3.806
2158,455884,22.3075677,114.1847589,3.749
2158,455885,22.3075691,114.1847604,3.695
2158,455886,22.30757283,114.1847635,3.653
2158,455887,22.30758099,114.1847696,3.615
2158,455888,22.30759889,114.1847829,3.599
2158,455889,22.30762005,114.1847981,3.617
2158,455890,22.30763924,114.1848122,3.606
2158,455891,22.30765991,114.1848267,3.648
2158,455892,22.307681,114.1848417,3.655
2158,455893,22.3077025,114.1848564,3.627
2158,455894,22.30772294,114.1848704,3.618
2158,455895,22.30774375,114.1848843,3.626
2158,455896,22.30776941,114.1849016,3.634
2158,455897,22.30779905,114.184922,3.646
2158,455898,22.30782531,114.1849446,3.696
2158,455899,22.30784765,114.1849748,3.744
2158,455900,22.30786256,114.185015,3.754
2158,455901,22.30786625,114.1850596,3.678
2158,455902,22.30786137,114.1851032,3.574
2158,455903,22.30784836,114.1851437,3.507
2158,455904,22.30783011,114.1851803,3.489
2158,455905,22.30780863,114.1852169,3.483
2158,455906,22.30778326,114.1852582,3.458
2158,455907,22.30775089,114.185303,3.416
2158,455908,22.30771142,114.1853504,3.476
2158,455909,22.30767026,114.1853989,3.541
2158,455910,22.30763134,114.1854497,3.574
2158,455911,22.3075955,114.1855014,3.562
2158,455912,22.30756093,114.1855538,3.552
2158,455913,22.30752656,114.185607,3.574
2158,455914,22.30749206,114.1856604,3.58
2158,455915,22.30745719,114.1857136,3.591
2158,455916,22.30742129,114.1857682,3.61
2158,455917,22.30738324,114.1858265,3.596
2158,455918,22.30734406,114.1858898,3.562
2158,455919,22.30730302,114.1859567,3.541
2158,455920,22.30726135,114.186025,3.505
2158,455921,22.30722062,114.1860917,3.497
2158,455922,22.3071821,114.1861545,3.477
2158,455923,22.30714715,114.1862121,3.441
2158,455924,22.30711607,114.1862629,3.404
2158,455925,22.30708931,114.1863058,3.395
2158,455926,22.30706802,114.1863402,3.399
2158,455927,22.30705301,114.1863647,3.409
2158,455928,22.30704391,114.1863795,3.426
2158,455929,22.30703979,114.1863861,3.439
2158,455930,22.30703903,114.1863871,3.446
2158,455931,22.30703903,114.1863871,3.448
2158,455932,22.30703904,114.1863871,3.448
2158,455933,22.30703904,114.1863871,3.447
2158,455934,22.30703904,114.186387,3.447
2158,455935,22.30703905,114.186387,3.447
2158,455936,22.30703905,114.186387,3.447
2158,455937,22.30703905,114.186387,3.447
2158,455938,22.30703906,114.186387,3.448
2158,455939,22.30703906,114.186387,3.448
2158,455940,22.30703906,114.186387,3.448
2158,455941,22.30703906,114.186387,3.448
2158,455942,22.30703906,114.186387,3.448
2158,455943,22.30703906,114.186387,3.448
2158,455944,22.30703906,114.186387,3.448
2158,455945,22.30703906,114.186387,3.448
2158,455946,22.30703906,114.186387,3.448
2158,455947,22.30703906,114.186387,3.448
2158,455948,22.30703906,114.186387,3.448
2158,455949,22.30703906,114.186387,3.448
2158,455950,22.30703906,114.186387,3.448
2158,455951,22.30703906,114.186387,3.448
2158,455952,22.30703906,114.186387,3.448
2158,455953,22.30703906,114.186387,3.448
2158,455954,22.30703906,114.186387,3.448
2158,455955,22.30703906,114.186387,3.448
2158,455956,22.30703906,114.186387,3.448
2158,455957,22.30703906,114.186387,3.448
2158,455958,22.30703906,114.186387,3.448
2158,455959,22.30703906,114.186387,3.448
2158,455960,22.30703906,114.186387,3.448
2158,455961,22.30703906,114.186387,3.448
2158,455962,22.30703906,114.186387,3.448
2158,455963,22.30703906,114.186387,3.448
2158,455964,22.30703906,114.186387,3.448
2158,455965,22.30703906,114.186387,3.448
2158,455966,22.30703906,114.186387,3.448
2158,455967,22.30703906,114.186387,3.448
2158,455968,22.30703906,114.186387,3.448
2158,455969,22.30703906,114.186387,3.448
2158,455970,22.30703906,114.186387,3.448
2158,455971,22.30703906,114.186387,3.448
2158,455972,22.30703906,114.186387,3.448
2158,455973,22.30703906,114.186387,3.448
2158,455974,22.30703906,114.186387,3.448
2158,455975,22.30703906,114.186387,3.448
2158,455976,22.30703906,114.186387,3.448
2158,455977,22.30703906,114.186387,3.448
2158,455978,22.30703906,114.186387,3.448
2158,455979,22.30703906,114.186387,3.448
2158,455980,22.30703906,114.186387,3.448
2158,455981,22.30703906,114.186387,3.448
2158,455982,22.30703906,114.186387,3.448
2158,455983,22.30703906,114.186387,3.448
2158,455984,22.30703906,114.186387,3.448
2158,455985,22.30703904,114.186387,3.447
2158,455986,22.30703893,114.1863872,3.442
2158,455987,22.30703873,114.1863875,3.436
2158,455988,22.30703741,114.1863896,3.433
2158,455989,22.30703451,114.1863944,3.429
2158,455990,22.30703006,114.1864017,3.427
2158,455991,22.30702618,114.1864081,3.426
2158,455992,22.30702233,114.1864146,3.429
2158,455993,22.30701698,114.1864234,3.427
2158,455994,22.30701032,114.1864345,3.42
2158,455995,22.30700173,114.1864487,3.426
2158,455996,22.30699227,114.1864643,3.431
2158,455997,22.30698297,114.1864794,3.443
2158,455998,22.30697562,114.1864914,3.455
2158,455999,22.30697189,114.1864976,3.465
2158,456000,22.30697131,114.1864985,3.469
2158,456001,22.30697132,114.1864985,3.469
2158,456002,22.30697133,114.1864985,3.47
2158,456003,22.30697133,114.1864985,3.47
2158,456004,22.30697133,114.1864985,3.47
2158,456005,22.30697133,114.1864985,3.47
2158,456006,22.30697133,114.1864985,3.47
2158,456007,22.30697133,114.1864985,3.47
2158,456008,22.30697133,114.1864985,3.47
2158,456009,22.30697131,114.1864985,3.467
2158,456010,22.30697129,114.1864986,3.457
2158,456011,22.30697127,114.1864987,3.446
2158,456012,22.30697124,114.1864988,3.435
2158,456013,22.30697074,114.1864996,3.421
2158,456014,22.30696803,114.1865041,3.406
2158,456015,22.30695882,114.1865197,3.382
2158,456016,22.30694314,114.1865455,3.376
2158,456017,22.30692183,114.1865795,3.406
2158,456018,22.30689521,114.1866206,3.434
2158,456019,22.30686486,114.1866674,3.447
2158,456020,22.30683266,114.186717,3.368
2158,456021,22.30680165,114.1867671,3.254
2158,456022,22.30676957,114.186819,3.225
2158,456023,22.3067357,114.1868741,3.224
2158,456024,22.30669992,114.186932,3.258
2158,456025,22.30666267,114.1869914,3.276
2158,456026,22.30662413,114.1870518,3.312
2158,456027,22.30658438,114.187113,3.249
2158,456028,22.30654154,114.1871736,3.323
2158,456029,22.30649741,114.1872344,3.374
2158,456030,22.30645366,114.1872966,3.384
2158,456031,22.30641263,114.1873584,3.412
2158,456032,22.30637512,114.1874167,3.45
2158,456033,22.306341,114.1874712,3.484
2158,456034,22.30630981,114.1875221,3.505
2158,456035,22.30628198,114.1875686,3.548
2158,456036,22.30625688,114.1876118,3.586
2158,456037,22.30623357,114.1876552,3.643
2158,456038,22.30621177,114.1877,3.696
2158,456039,22.30619233,114.1877426,3.646
2158,456040,22.3061757,114.1877783,3.608
2158,456041,22.30616571,114.1877991,3.587
2158,456042,22.30616297,114.187805,3.58
2158,456043,22.30616312,114.1878049,3.586
2158,456044,22.30616342,114.1878047,3.593
2158,456045,22.30616344,114.1878047,3.594
2158,456046,22.30616344,114.1878047,3.594
2158,456047,22.30616344,114.1878047,3.594
2158,456048,22.30616344,114.1878047,3.594
2158,456049,22.30616344,114.1878047,3.594
2158,456050,22.30616344,114.1878047,3.594
2158,456051,22.30616344,114.1878047,3.594
2158,456052,22.30616344,114.1878047,3.594
2158,456053,22.30616344,114.1878047,3.594
2158,456054,22.30616341,114.1878047,3.59
2158,456055,22.30616338,114.1878047,3.583
2158,456056,22.30616334,114.1878047,3.575
2158,456057,22.30616326,114.1878047,3.567
2158,456058,22.30616275,114.1878049,3.544
2158,456059,22.30616157,114.1878053,3.532
2158,456060,22.3061605,114.1878058,3.516
2158,456061,22.30615826,114.187809,3.497
2158,456062,22.30615193,114.1878198,3.484
2158,456063,22.30613952,114.1878412,3.466
2158,456064,22.30612606,114.1878634,3.454
2158,456065,22.30611528,114.187881,3.444
2158,456066,22.30610936,114.1878906,3.42
2158,456067,22.30610802,114.1878929,3.402
2158,456068,22.30610802,114.1878931,3.388
2158,456069,22.30610762,114.1878938,3.373
2158,456070,22.30610743,114.1878943,3.349
2158,456071,22.30610734,114.1878946,3.324
2158,456072,22.30610716,114.1878952,3.297
2158,456073,22.30610525,114.1878984,3.28
2158,456074,22.30610149,114.1879048,3.254
2158,456075,22.30609622,114.1879134,3.222
2158,456076,22.30609326,114.1879183,3.196
2158,456077,22.30609304,114.1879189,3.169
2158,456078,22.30609095,114.1879225,3.134
2158,456079,22.30608557,114.1879313,3.1
2158,456080,22.30607504,114.1879481,3.085
2158,456081,22.30606134,114.1879698,3.077
2158,456082,22.30604821,114.1879907,3.058
2158,456083,22.30603616,114.1880101,3.036
2158,456084,22.30602438,114.1880292,3.013
2158,456085,22.30601274,114.1880479,3
2158,456086,22.30600107,114.1880671,3.009
2158,456087,22.30598995,114.1880856,3.014
2158,456088,22.30597967,114.1881026,3.015
2158,456089,22.30597007,114.1881187,3.018
2158,456090,22.30596054,114.1881342,3.01
2158,456091,22.30595155,114.1881489,3.009
2158,456092,22.30594316,114.1881623,3.011
2158,456093,22.30593565,114.1881745,3.021
2158,456094,22.30592966,114.188184,3.019
2158,456095,22.30592489,114.1881914,3.021
2158,456096,22.30592221,114.1881955,3.033
2158,456097,22.30591977,114.1881992,3.038
2158,456098,22.30591806,114.1882017,3.043
2158,456099,22.30591656,114.1882039,3.043
2158,456100,22.30591512,114.1882059,3.044
2158,456101,22.30591476,114.1882063,3.042
2158,456102,22.30591468,114.1882062,3.043
2158,456103,22.30591463,114.1882061,3.046
2158,456104,22.30591461,114.1882061,3.049
2158,456105,22.30591461,114.1882061,3.049
2158,456106,22.30591461,114.1882061,3.049
2158,456107,22.30591461,114.1882061,3.049
2158,456108,22.30591461,114.1882061,3.049
2158,456109,22.30591461,114.1882061,3.049
2158,456110,22.30591461,114.1882061,3.049
2158,456111,22.30591461,114.1882061,3.049
2158,456112,22.30591461,114.1882061,3.049
2158,456113,22.30591461,114.1882061,3.049
2158,456114,22.30591461,114.1882061,3.049
2158,456115,22.30591461,114.1882061,3.049
2158,456116,22.30591461,114.1882061,3.049
2158,456117,22.30591461,114.1882061,3.049
2158,456118,22.30591461,114.1882061,3.049
2158,456119,22.30591461,114.1882061,3.049
2158,456120,22.30591461,114.1882061,3.049
2158,456121,22.30591461,114.1882061,3.049
2158,456122,22.30591461,114.1882061,3.049
2158,456123,22.30591461,114.1882061,3.049
2158,456124,22.30591461,114.1882061,3.049
2158,456125,22.30591461,114.1882061,3.049
2158,456126,22.30591461,114.1882061,3.049
2158,456127,22.30591461,114.1882061,3.049
2158,456128,22.30591461,114.1882061,3.049
2158,456129,22.30591461,114.1882061,3.049
2158,456130,22.30591461,114.1882061,3.049
2158,456131,22.30591461,114.1882061,3.049
2158,456132,22.30591461,114.1882061,3.049
2158,456133,22.30591461,114.1882061,3.049
2158,456134,22.30591461,114.1882061,3.049
2158,456135,22.30591461,114.1882061,3.049
2158,456136,22.30591461,114.1882061,3.049
2158,456137,22.3059146,114.1882061,3.009
2158,456138,22.3059146,114.1882061,2.992
2158,456139,22.30591458,114.1882061,2.976
2158,456140,22.30591424,114.1882066,2.952
2158,456141,22.30591232,114.1882095,2.93
2158,456142,22.30590605,114.1882191,2.907
2158,456143,22.30589379,114.1882377,2.898
2158,456144,22.30587657,114.188264,2.883
2158,456145,22.30585664,114.1882948,2.865
2158,456146,22.30583462,114.1883292,2.852
2158,456147,22.30580825,114.1883706,2.844
2158,456148,22.30577758,114.1884191,2.849
2158,456149,22.30574426,114.1884734,2.858
2158,456150,22.30570944,114.18853,2.873
2158,456151,22.30567325,114.1885888,2.852
2158,456152,22.30563472,114.1886501,2.767
2158,456153,22.30559273,114.1887121,2.819
2158,456154,22.30554867,114.1887737,2.881
2158,456155,22.30550307,114.1888358,2.729
2158,456156,22.30545631,114.188897,2.524
2158,456157,22.30541002,114.1889581,2.39
2158,456158,22.30536655,114.1890197,2.306
2158,456159,22.30532648,114.1890794,2.273
2158,456160,22.30528996,114.1891367,2.236
2158,456161,22.30525589,114.1891898,2.271
2158,456162,22.30522428,114.1892399,2.239
2158,456163,22.3051965,114.1892844,2.25
2158,456164,22.30517321,114.1893222,2.265
2158,456165,22.30515431,114.1893528,2.277
2158,456166,22.30513904,114.1893772,2.297
2158,456167,22.30512638,114.1893976,2.313
2158,456168,22.30511469,114.1894155,2.327
2158,456169,22.30509851,114.1894357,2.343
2158,456170,22.30507499,114.1894599,2.378
2158,456171,22.3050529,114.1894832,2.405
2158,456172,22.30503572,114.1895046,2.431
2158,456173,22.30501896,114.1895292,2.43
2158,456174,22.30500335,114.1895559,2.436
2158,456175,22.30499226,114.1895799,2.444
2158,456176,22.30498255,114.1896043,2.443
2158,456177,22.30496916,114.1896371,2.445
2158,456178,22.30495383,114.1896713,2.454
2158,456179,22.30493812,114.1897031,2.45
2158,456180,22.30492026,114.1897357,2.442
2158,456181,22.30489775,114.1897726,2.448
2158,456182,22.30487128,114.1898141,2.444
2158,456183,22.30484402,114.189856,2.478
2158,456184,22.30481734,114.1898969,2.458
2158,456185,22.30478834,114.1899417,2.455
2158,456186,22.30475536,114.1899928,2.489
2158,456187,22.30472145,114.1900458,2.555
2158,456188,22.30468818,114.1900975,2.555
2158,456189,22.30465302,114.1901513,2.509
2158,456190,22.30461583,114.1902082,2.466
2158,456191,22.3045765,114.1902693,2.489
2158,456192,22.30453532,114.1903336,2.517
2158,456193,22.30449426,114.1903995,2.531
2158,456194,22.3044549,114.1904644,2.507
2158,456195,22.30441922,114.1905241,2.543
2158,456196,22.30438798,114.1905773,2.556
2158,456197,22.30436161,114.1906226,2.56
2158,456198,22.30434234,114.1906611,2.587
2158,456199,22.30433396,114.1906976,2.602
2158,456200,22.30433735,114.1907319,2.63
2158,456201,22.30435118,114.1907629,2.654
2158,456202,22.30437658,114.1907907,2.694
2158,456203,22.30441074,114.1908167,2.712
2158,456204,22.30445244,114.1908441,2.73
2158,456205,22.3044987,114.1908748,2.776
2158,456206,22.30454829,114.1909083,2.819
2158,456207,22.30459958,114.1909432,2.833
2158,456208,22.3046496,114.1909779,2.852
2158,456209,22.30469782,114.191012,2.9
2158,456210,22.30474378,114.1910456,2.914
2158,456211,22.30478623,114.1910781,2.962
2158,456212,22.30482269,114.1911075,2.986
2158,456213,22.30485269,114.191135,3.02
2158,456214,22.30487878,114.191161,3.069
2158,456215,22.30490305,114.1911823,3.151
2158,456216,22.30492492,114.191198,3.241
2158,456217,22.30494333,114.1912099,3.317
2158,456218,22.30495852,114.1912183,3.385
2158,456219,22.30497092,114.1912244,3.452
2158,456220,22.30497842,114.191228,3.494
2158,456221,22.30498147,114.1912294,3.521
2158,456222,22.30498168,114.1912294,3.538
2158,456223,22.3049818,114.1912295,3.552
2158,456224,22.30498188,114.1912295,3.565
2158,456225,22.30498192,114.1912295,3.574
2158,456226,22.30498194,114.1912296,3.58
2158,456227,22.30498266,114.19123,3.584
2158,456228,22.30498934,114.1912334,3.608
2158,456229,22.30500589,114.1912417,3.668
2158,456230,22.30503156,114.1912539,3.728
2158,456231,22.30506029,114.1912631,3.751
2158,456232,22.30509211,114.1912639,3.739
2158,456233,22.3051231,114.1912525,3.686
2158,456234,22.30514853,114.1912291,3.582
2158,456235,22.30517125,114.1911955,3.492
2158,456236,22.30519549,114.1911542,3.344
2158,456237,22.3052237,114.1911063,3.264
2158,456238,22.30525551,114.1910528,3.216
2158,456239,22.30528988,114.1909968,3.255
2158,456240,22.30532506,114.1909406,3.232
2158,456241,22.30536184,114.1908874,3.237
2158,456242,22.30540221,114.1908378,3.251
2158,456243,22.30544664,114.1907935,3.251
2158,456244,22.30549514,114.1907555,3.288
2158,456245,22.30554866,114.1907269,3.352
2158,456246,22.30560719,114.190707,3.347
2158,456247,22.3056676,114.1906921,3.28
2158,456248,22.30572745,114.1906786,3.216
2158,456249,22.30578569,114.1906629,3.204
2158,456250,22.30584549,114.190642,3.17
2158,456251,22.30590635,114.190614,3.189
2158,456252,22.30596363,114.1905785,3.225
2158,456253,22.306012,114.1905385,3.256
2158,456254,22.30604909,114.190499,3.278
2158,456255,22.30607587,114.1904645,3.311
2158,456256,22.30609423,114.1904392,3.339
2158,456257,22.30610443,114.1904246,3.354
2158,456258,22.30610859,114.1904185,3.366
2158,456259,22.30610891,114.1904179,3.378
2158,456260,22.30610882,114.1904178,3.386
2158,456261,22.30610875,114.1904178,3.392
2158,456262,22.3061087,114.1904178,3.398
2158,456263,22.30610868,114.1904178,3.402
2158,456264,22.30610867,114.1904177,3.408
2158,456265,22.30610874,114.1904176,3.413
2158,456266,22.30610881,114.1904176,3.415
2158,456267,22.30610886,114.1904176,3.415
2158,456268,22.3061089,114.1904176,3.414
2158,456269,22.30610894,114.1904175,3.412
2158,456270,22.306109,114.1904175,3.405
2158,456271,22.3061094,114.190417,3.391
2158,456272,22.30611252,114.1904125,3.376
2158,456273,22.30612205,114.1903976,3.361
2158,456274,22.30613258,114.1903795,3.341
2158,456275,22.30614361,114.1903596,3.318
2158,456276,22.30615791,114.1903328,3.3
2158,456277,22.30617538,114.1902978,3.282
2158,456278,22.30619569,114.1902556,3.274
2158,456279,22.30622012,114.1902087,3.243
2158,456280,22.30624988,114.1901593,3.227
2158,456281,22.30628255,114.190107,3.25
2158,456282,22.30631682,114.1900511,3.378
2158,456283,22.30635266,114.1899927,3.606
2158,456284,22.30638998,114.1899332,3.883
2158,456285,22.30642694,114.1898753,4.15
2158,456286,22.30646209,114.1898214,4.351
2158,456287,22.30649596,114.189771,4.499
2158,456288,22.30652797,114.1897231,4.546
2158,456289,22.30654998,114.1896788,4.547
2158,456290,22.30655749,114.1896364,4.518
2158,456291,22.30654912,114.1895973,4.444
2158,456292,22.30652536,114.1895643,4.4
2158,456293,22.30648922,114.1895357,4.351
2158,456294,22.30644512,114.1895046,4.291
2158,456295,22.30639513,114.1894685,4.238
2158,456296,22.30634017,114.1894286,4.206
2158,456297,22.30628183,114.1893857,4.169
2158,456298,22.30622186,114.1893418,4.12
2158,456299,22.3061631,114.1893003,4.109
2158,456300,22.3061066,114.1892626,4.063
2158,456301,22.3060526,114.1892302,4.044
2158,456302,22.30599916,114.1892012,3.993
2158,456303,22.30594688,114.1891729,3.944
2158,456304,22.30589773,114.1891427,3.906
2158,456305,22.30585256,114.1891118,3.864
2158,456306,22.3058111,114.1890819,3.822
2158,456307,22.30577252,114.1890535,3.764
2158,456308,22.30573766,114.1890275,3.707
2158,456309,22.30570741,114.1890052,3.656
2158,456310,22.30567992,114.1889849,3.598
2158,456311,22.30564941,114.188962,3.54
2158,456312,22.30561343,114.1889345,3.466
2158,456313,22.30557528,114.1889069,3.377
2158,456314,22.3055348,114.1888852,3.294
2158,456315,22.30549129,114.1888788,3.235
2158,456316,22.30544867,114.1888962,3.127
2158,456317,22.30541241,114.1889329,3.032
2158,456318,22.30538071,114.1889782,2.981
2158,456319,22.3053495,114.1890258,2.945
2158,456320,22.30531881,114.1890733,2.927
2158,456321,22.30528813,114.1891197,2.896
2158,456322,22.30525618,114.1891659,2.918
2158,456323,22.30522316,114.1892138,2.902
2158,456324,22.30519137,114.1892639,2.915
2158,456325,22.30516073,114.1893163,2.946
2158,456326,22.30512906,114.1893715,2.972
2158,456327,22.30509685,114.1894303,2.972
2158,456328,22.30506436,114.1894903,2.998
2158,456329,22.30503204,114.1895482,3.015
2158,456330,22.3049995,114.1896035,3.014
2158,456331,22.30496731,114.1896561,3.028
2158,456332,22.30493638,114.1897066,3.045
2158,456333,22.30490669,114.1897538,3.062
2158,456334,22.30488024,114.1897957,3.069
2158,456335,22.30485848,114.1898296,3.1
2158,456336,22.30484202,114.1898553,3.124
2158,456337,22.30483118,114.1898724,3.121
2158,456338,22.30482452,114.1898828,3.126
2158,456339,22.3048223,114.1898864,3.136
2158,456340,22.30482236,114.1898863,3.144
2158,456341,22.30482238,114.1898863,3.147
2158,456342,22.30482238,114.1898863,3.148
2158,456343,22.30482239,114.1898862,3.148
2158,456344,22.30482239,114.1898862,3.149
2158,456345,22.30482239,114.1898862,3.149
2158,456346,22.30482239,114.1898862,3.149
2158,456347,22.30482239,114.1898862,3.149
2158,456348,22.30482239,114.1898862,3.149
2158,456349,22.30482239,114.1898862,3.146
2158,456350,22.30482239,114.1898863,3.14
2158,456351,22.30482238,114.1898863,3.132
2158,456352,22.30482236,114.1898863,3.124
2158,456353,22.30482234,114.1898863,3.112
2158,456354,22.304822,114.1898867,3.092
2158,456355,22.3048193,114.1898909,3.072
2158,456356,22.30480958,114.1899063,3.05
2158,456357,22.30479251,114.1899332,3.028
2158,456358,22.30476884,114.1899702,3.021
2158,456359,22.30473904,114.1900162,3.051
2158,456360,22.30470495,114.1900689,3.062
2158,456361,22.30466795,114.190127,3.006
2158,456362,22.30462819,114.1901901,2.923
2158,456363,22.30458646,114.1902563,2.915
2158,456364,22.30454356,114.1903233,2.929
2158,456365,22.30450091,114.1903892,2.931
2158,456366,22.30446055,114.1904538,2.886
2158,456367,22.30442346,114.1905141,2.898
2158,456368,22.30439006,114.1905689,2.889
2158,456369,22.3043614,114.1906171,2.872
2158,456370,22.3043403,114.1906614,2.871
2158,456371,22.30433299,114.1907038,2.864
2158,456372,22.30434162,114.190742,2.865
2158,456373,22.30436291,114.1907729,2.873
2158,456374,22.30439439,114.1907989,2.864
2158,456375,22.3044327,114.1908252,2.858
2158,456376,22.30447612,114.1908539,2.875
2158,456377,22.30452157,114.1908839,2.88
2158,456378,22.30456743,114.1909154,2.899
2158,456379,22.30461244,114.1909468,2.879
2158,456380,22.30465555,114.1909778,2.882
2158,456381,22.30469655,114.1910079,2.903
2158,456382,22.30473508,114.1910371,2.884
2158,456383,22.30477166,114.1910647,2.903
2158,456384,22.30480549,114.19109,2.914
2158,456385,22.30483335,114.1911123,2.903
2158,456386,22.30485444,114.191132,2.906
2158,456387,22.30487122,114.1911504,2.917
2158,456388,22.30488604,114.1911658,2.949
2158,456389,22.30489952,114.1911778,2.99
2158,456390,22.30491164,114.1911873,3.031
2158,456391,22.30492242,114.191195,3.075
2158,456392,22.30493054,114.1912001,3.103
2158,456393,22.30493365,114.1912019,3.122
2158,456394,22.30493371,114.1912019,3.129
2158,456395,22.30493374,114.191202,3.131
2158,456396,22.30493374,114.191202,3.13
2158,456397,22.30493374,114.191202,3.13
2158,456398,22.30493374,114.1912019,3.131
2158,456399,22.30493374,114.1912019,3.132
2158,456400,22.30493374,114.1912019,3.136
2158,456401,22.30493374,114.191202,3.151
2158,456402,22.30493374,114.191202,3.151
2158,456403,22.30493374,114.191202,3.151
2158,456404,22.30493374,114.191202,3.151
2158,456405,22.30493374,114.191202,3.151
2158,456406,22.30493374,114.191202,3.151
2158,456407,22.30493374,114.191202,3.151
2158,456408,22.30493374,114.191202,3.151
2158,456409,22.30493374,114.191202,3.151
2158,456410,22.30493374,114.191202,3.151
2158,456411,22.30493374,114.191202,3.151
2158,456412,22.30493374,114.191202,3.151
2158,456413,22.30493374,114.191202,3.151
2158,456414,22.30493374,114.191202,3.151
2158,456415,22.30493374,114.191202,3.151
2158,456416,22.30493374,114.191202,3.151
2158,456417,22.30493374,114.191202,3.151
2158,456418,22.30493374,114.191202,3.151
2158,456419,22.30493374,114.1912019,3.151
2158,456420,22.30493374,114.191202,3.151
2158,456421,22.30493374,114.191202,3.147
2158,456422,22.30493373,114.191202,3.141
2158,456423,22.30493373,114.191202,3.137
2158,456424,22.30493373,114.191202,3.133
2158,456425,22.30493374,114.191202,3.131
2158,456426,22.30493374,114.191202,3.131
2158,456427,22.30493383,114.1912021,3.132
2158,456428,22.30493518,114.1912029,3.136
2158,456429,22.30494324,114.1912075,3.159
2158,456430,22.30496105,114.1912172,3.214
2158,456431,22.30498766,114.1912309,3.315
2158,456432,22.30501661,114.1912442,3.416
2158,456433,22.30504423,114.1912536,3.446
2158,456434,22.30507651,114.1912561,3.432
2158,456435,22.30511222,114.1912459,3.382
2158,456436,22.30514397,114.1912219,3.269
2158,456437,22.30517219,114.1911881,3.177
2158,456438,22.30520188,114.191144,3.024
2158,456439,22.30523394,114.1910948,2.968
2158,456440,22.30526752,114.1910437,2.93
2158,456441,22.3053003,114.190993,2.963
2158,456442,22.30533093,114.1909424,2.956
2158,456443,22.30536261,114.1908901,2.95
2158,456444,22.30539758,114.1908404,2.964
2158,456445,22.3054347,114.1907982,2.956
2158,456446,22.30546818,114.1907689,2.992
2158,456447,22.30549196,114.1907513,3.02
2158,456448,22.30550483,114.1907428,3.017
2158,456449,22.30551583,114.1907362,3.028
2158,456450,22.3055339,114.1907273,3.053
2158,456451,22.30555877,114.1907174,3.077
2158,456452,22.30558834,114.1907078,3.079
2158,456453,22.30562006,114.1906989,3.05
2158,456454,22.30564883,114.190692,3.011
2158,456455,22.30567169,114.1906867,2.984
2158,456456,22.30568842,114.1906832,2.959
2158,456457,22.30569834,114.190681,2.941
2158,456458,22.30570267,114.1906801,2.928
2158,456459,22.3057061,114.1906793,2.917
2158,456460,22.30571342,114.1906778,2.894
2158,456461,22.30573224,114.1906736,2.863
2158,456462,22.30576063,114.1906665,2.839
2158,456463,22.30579769,114.1906569,2.823
2158,456464,22.30584204,114.190643,2.785
2158,456465,22.30589122,114.1906223,2.777
2158,456466,22.30594275,114.1905917,2.796
2158,456467,22.30599362,114.1905491,2.791
2158,456468,22.30604031,114.1904942,2.778
2158,456469,22.30608228,114.1904299,2.792
2158,456470,22.30612398,114.1903623,2.804
2158,456471,22.30616568,114.1902933,2.818
2158,456472,22.30620706,114.1902244,2.867
2158,456473,22.30624841,114.1901576,2.875
2158,456474,22.30628817,114.1900933,2.929
2158,456475,22.30632523,114.1900341,3.118
2158,456476,22.30635824,114.1899818,3.374
2158,456477,22.30638633,114.1899372,3.597
2158,456478,22.30640919,114.1899012,3.775
2158,456479,22.30642637,114.189874,3.932
2158,456480,22.30643804,114.1898559,4.025
2158,456481,22.3064452,114.1898448,4.079
2158,456482,22.30644962,114.1898379,4.119
2158,456483,22.30645236,114.1898336,4.141
2158,456484,22.30645312,114.1898324,4.155
2158,456485,22.30645314,114.1898325,4.158
2158,456486,22.30645314,114.1898325,4.157
2158,456487,22.30645316,114.1898324,4.163
2158,456488,22.3064532,114.1898324,4.169
2158,456489,22.3064532,114.1898324,4.169
2158,456490,22.3064532,114.1898324,4.169
2158,456491,22.3064532,114.1898324,4.168
2158,456492,22.3064532,114.1898324,4.168
2158,456493,22.3064532,114.1898324,4.168
2158,456494,22.3064532,114.1898324,4.168
2158,456495,22.3064532,114.1898324,4.167
2158,456496,22.3064532,114.1898323,4.165
2158,456497,22.3064532,114.1898323,4.163
2158,456498,22.30645319,114.1898323,4.159
2158,456499,22.30645318,114.1898323,4.156
2158,456500,22.30645329,114.1898321,4.15
2158,456501,22.30645508,114.1898292,4.15
2158,456502,22.30646291,114.1898168,4.193
2158,456503,22.30647689,114.1897949,4.262
2158,456504,22.30649606,114.1897652,4.35
2158,456505,22.30651575,114.1897355,4.393
2158,456506,22.30653606,114.1897031,4.414
2158,456507,22.30655127,114.1896682,4.411
2158,456508,22.30655523,114.1896323,4.387
2158,456509,22.30654619,114.1895964,4.35
2158,456510,22.3065231,114.1895636,4.327
2158,456511,22.30648882,114.1895352,4.29
2158,456512,22.30645085,114.1895088,4.248
2158,456513,22.30641363,114.1894826,4.213
2158,456514,22.30637713,114.1894565,4.177
2158,456515,22.30634078,114.1894299,4.151
2158,456516,22.30630598,114.189404,4.151
2158,456517,22.30627369,114.1893804,4.136
2158,456518,22.30624521,114.1893597,4.126
2158,456519,22.30622393,114.1893443,4.119
2158,456520,22.30621201,114.1893357,4.12
2158,456521,22.30620815,114.1893329,4.12
2158,456522,22.30620816,114.1893329,4.121
2158,456523,22.30620818,114.1893329,4.121
2158,456524,22.30620818,114.1893329,4.12
2158,456525,22.30620818,114.1893329,4.119
2158,456526,22.30620818,114.1893329,4.119
2158,456527,22.30620818,114.1893329,4.119
2158,456528,22.30620818,114.1893329,4.119
2158,456529,22.30620818,114.1893329,4.119
2158,456530,22.30620818,114.1893329,4.119
2158,456531,22.30620818,114.1893329,4.119
2158,456532,22.30620818,114.1893329,4.119
2158,456533,22.30620818,114.1893329,4.119
2158,456534,22.30620818,114.1893329,4.119
2158,456535,22.30620818,114.1893329,4.119
2158,456536,22.30620818,114.1893329,4.119
2158,456537,22.30620818,114.1893329,4.119
2158,456538,22.30620818,114.1893329,4.119
2158,456539,22.30620818,114.1893329,4.119
2158,456540,22.30620818,114.1893329,4.119
2158,456541,22.30620818,114.1893329,4.119
2158,456542,22.30620818,114.1893329,4.119
2158,456543,22.30620818,114.1893329,4.119
2158,456544,22.30620818,114.1893329,4.119
2158,456545,22.30620818,114.1893329,4.119
2158,456546,22.30620818,114.1893329,4.119
2158,456547,22.30620818,114.1893329,4.119
2158,456548,22.30620818,114.1893329,4.119
2158,456549,22.30620818,114.1893329,4.119
2158,456550,22.30620818,114.1893329,4.119
2158,456551,22.30620818,114.1893329,4.119
2158,456552,22.30620818,114.1893329,4.119
2158,456553,22.30620818,114.1893329,4.119
2158,456554,22.30620818,114.1893329,4.119
2158,456555,22.30620818,114.1893329,4.119
2158,456556,22.30620818,114.1893329,4.119
2158,456557,22.30620818,114.1893329,4.119
2158,456558,22.30620818,114.1893329,4.119
2158,456559,22.30620818,114.1893329,4.119
2158,456560,22.30620818,114.1893329,4.119
2158,456561,22.30620818,114.1893329,4.119
2158,456562,22.30620818,114.1893329,4.119
2158,456563,22.30620818,114.1893329,4.119
2158,456564,22.30620819,114.1893329,4.11
2158,456565,22.3062082,114.1893328,4.103
2158,456566,22.3062082,114.1893328,4.103
2158,456567,22.3062082,114.1893328,4.103
2158,456568,22.3062082,114.1893328,4.103
2158,456569,22.3062082,114.1893328,4.103
2158,456570,22.3062082,114.1893328,4.103
2158,456571,22.3062082,114.1893328,4.103
2158,456572,22.3062082,114.1893328,4.103
2158,456573,22.3062082,114.1893328,4.102
2158,456574,22.3062082,114.1893328,4.102
2158,456575,22.3062082,114.1893328,4.102
2158,456576,22.3062082,114.1893328,4.1
2158,456577,22.30620809,114.1893328,4.092
2158,456578,22.3062057,114.1893311,4.086
2158,456579,22.30619789,114.1893254,4.074
2158,456580,22.30618001,114.189313,4.069
2158,456581,22.30615262,114.1892952,4.065
2158,456582,22.30611498,114.1892727,4.025
2158,456583,22.30606783,114.1892466,4.003
2158,456584,22.30601284,114.1892159,3.969
2158,456585,22.30595214,114.1891797,3.928
2158,456586,22.30589084,114.1891374,3.881
2158,456587,22.30583002,114.1890949,3.798
2158,456588,22.30577208,114.1890545,3.733
2158,456589,22.30571921,114.189016,3.657
2158,456590,22.30567033,114.1889792,3.557
2158,456591,22.30562295,114.1889427,3.468
2158,456592,22.30557845,114.1889098,3.363
2158,456593,22.30553462,114.1888873,3.268
2158,456594,22.30548906,114.1888833,3.198
2158,456595,22.30544754,114.1889002,3.115
2158,456596,22.30541557,114.1889321,3.036
2158,456597,22.30538915,114.1889715,2.991
2158,456598,22.30536089,114.1890161,2.945
2158,456599,22.30532885,114.1890666,2.918
2158,456600,22.30529384,114.1891219,2.876
2158,456601,22.30525622,114.1891814,2.899
2158,456602,22.30521649,114.1892444,2.866
2158,456603,22.30517596,114.1893082,2.897
2158,456604,22.30513596,114.1893711,2.903
2158,456605,22.30509674,114.189433,2.89
2158,456606,22.30505845,114.1894931,2.921
2158,456607,22.30502112,114.1895511,2.924
2158,456608,22.30498648,114.1896083,2.918
2158,456609,22.30495608,114.1896655,2.924
2158,456610,22.30492677,114.1897195,2.923
2158,456611,22.304899,114.1897668,2.932
2158,456612,22.30487481,114.1898063,2.932
2158,456613,22.30485581,114.1898363,2.968
2158,456614,22.30484247,114.1898568,2.993
2158,456615,22.30483426,114.1898693,2.999
2158,456616,22.30483064,114.1898747,3.006
2158,456617,22.30483041,114.1898751,3.02
2158,456618,22.30483041,114.189875,3.027
2158,456619,22.3048304,114.189875,3.028
2158,456620,22.3048304,114.189875,3.028
2158,456621,22.30483039,114.189875,3.029
2158,456622,22.30483039,114.189875,3.033
2158,456623,22.30483035,114.189875,3.037
2158,456624,22.30483031,114.1898749,3.039
2158,456625,22.30483028,114.1898749,3.04
2158,456626,22.30483025,114.1898749,3.039
2158,456627,22.30482959,114.1898758,3.033
2158,456628,22.30482247,114.1898864,3.024
2158,456629,22.30480679,114.1899105,3.023
2158,456630,22.30478508,114.1899444,3.014
2158,456631,22.30475938,114.1899853,3.031
2158,456632,22.30473033,114.1900305,3.091
2158,456633,22.30469683,114.1900828,3.099
2158,456634,22.30466123,114.1901381,3.049
2158,456635,22.30462569,114.1901925,3
2158,456636,22.30459057,114.1902451,3.004
2158,456637,22.30455579,114.1902967,3.039
2158,456638,22.30452184,114.1903455,3.054
2158,456639,22.30449136,114.1903892,3.07
2158,456640,22.30446904,114.1904239,3.069
2158,456641,22.30445514,114.1904484,3.076
2158,456642,22.30444468,114.190469,3.074
2158,456643,22.3044349,114.1904886,3.092
2158,456644,22.30442263,114.1905127,3.106
2158,456645,22.30440582,114.1905439,3.115
2158,456646,22.30438373,114.1905823,3.111
2158,456647,22.30435787,114.1906252,3.116
2158,456648,22.30432893,114.1906723,3.136
2158,456649,22.30429798,114.1907227,3.153
2158,456650,22.30426541,114.1907757,3.173
2158,456651,22.30423081,114.1908315,3.16
2158,456652,22.30419433,114.1908894,3.148
2158,456653,22.30415661,114.1909484,3.14
2158,456654,22.30411814,114.191006,3.147
2158,456655,22.30408155,114.1910611,3.169
2158,456656,22.30404714,114.1911136,3.169
2158,456657,22.30401398,114.1911641,3.188
2158,456658,22.30398231,114.1912125,3.185
2158,456659,22.30395425,114.1912559,3.177
2158,456660,22.3039314,114.1912914,3.212
2158,456661,22.30391109,114.191323,3.177
2158,456662,22.30389044,114.1913551,3.186
2158,456663,22.30386592,114.191393,3.183
2158,456664,22.30383719,114.1914365,3.186
2158,456665,22.30380476,114.1914848,3.199
2158,456666,22.30377026,114.1915371,3.211
2158,456667,22.30373619,114.1915939,3.213
2158,456668,22.30370238,114.191655,3.178
2158,456669,22.30366934,114.1917181,3.141
2158,456670,22.30363808,114.1917779,3.208
2158,456671,22.30360768,114.1918304,3.338
2158,456672,22.30357259,114.1918723,3.479
2158,456673,22.30353011,114.1919043,3.598
2158,456674,22.30348018,114.1919236,3.747
2158,456675,22.30342726,114.1919246,3.849
2158,456676,22.30337489,114.1919086,3.882
2158,456677,22.30332249,114.191885,3.894
2158,456678,22.30326788,114.1918589,3.879
2158,456679,22.30320971,114.1918305,3.848
2158,456680,22.30314715,114.1918014,3.796
2158,456681,22.30308133,114.1917704,3.741
2158,456682,22.30301444,114.1917388,3.668
2158,456683,22.30294994,114.1917084,3.602
2158,456684,22.30288769,114.1916793,3.539
2158,456685,22.30282786,114.1916496,3.543
2158,456686,22.30277206,114.1916167,3.493
2158,456687,22.30272285,114.1915768,3.418
2158,456688,22.30268352,114.1915292,3.365
2158,456689,22.30265644,114.1914759,3.322
2158,456690,22.30264255,114.1914208,3.257
2158,456691,22.30264021,114.1913675,3.186
2158,456692,22.30264624,114.191317,3.114
2158,456693,22.30266018,114.1912668,3.059
2158,456694,22.30268021,114.1912135,3.017
2158,456695,22.30270289,114.191155,2.98
2158,456696,22.30272692,114.1910931,3.003
2158,456697,22.3027509,114.1910317,2.986
2158,456698,22.30277373,114.1909739,2.97
2158,456699,22.30279482,114.1909217,2.963
2158,456700,22.30281405,114.1908753,2.956
2158,456701,22.30282872,114.1908401,2.957
2158,456702,22.30284013,114.190813,2.992
2158,456703,22.30285043,114.190789,2.884
2158,456704,22.30286368,114.1907581,2.865
2158,456705,22.30288136,114.1907161,2.853
2158,456706,22.30290299,114.1906652,2.843
2158,456707,22.30292714,114.1906074,2.843
2158,456708,22.30295321,114.1905457,2.82
2158,456709,22.30298021,114.1904815,2.803
2158,456710,22.30300624,114.1904196,2.841
2158,456711,22.30303076,114.1903618,2.836
2158,456712,22.30305343,114.1903077,2.853
2158,456713,22.30307446,114.190259,2.864
2158,456714,22.30309357,114.1902164,2.877
2158,456715,22.30311224,114.1901773,2.905
2158,456716,22.30313016,114.1901414,2.913
2158,456717,22.30314644,114.1901096,2.89
2158,456718,22.30315907,114.1900839,2.882
2158,456719,22.3031677,114.1900644,2.881
2158,456720,22.30317392,114.1900498,2.877
2158,456721,22.3031785,114.1900399,2.877
2158,456722,22.30318158,114.1900338,2.88
2158,456723,22.30318316,114.1900308,2.882
2158,456724,22.30318369,114.1900299,2.883
2158,456725,22.30318431,114.1900287,2.885
2158,456726,22.30318441,114.1900286,2.886
2158,456727,22.30318443,114.1900285,2.886
2158,456728,22.30318445,114.1900285,2.884
2158,456729,22.30318563,114.1900263,2.883
2158,456730,22.30318876,114.1900205,2.882
2158,456731,22.30319352,114.1900119,2.885
2158,456732,22.30319957,114.1900012,2.88
2158,456733,22.30320658,114.1899893,2.876
2158,456734,22.30321378,114.1899772,2.883
2158,456735,22.30321963,114.1899677,2.892
2158,456736,22.30322413,114.1899605,2.895
2158,456737,22.30322639,114.1899569,2.9
2158,456738,22.30322667,114.1899564,2.902
2158,456739,22.30322667,114.1899564,2.903
2158,456740,22.30322667,114.1899564,2.904
2158,456741,22.30322667,114.1899564,2.905
2158,456742,22.30322667,114.1899564,2.905
2158,456743,22.30322668,114.1899564,2.905
2158,456744,22.30322668,114.1899564,2.905
2158,456745,22.30322668,114.1899564,2.904
2158,456746,22.30322669,114.1899564,2.901
2158,456747,22.3032267,114.1899563,2.898
2158,456748,22.30322676,114.1899562,2.893
2158,456749,22.30322733,114.1899553,2.885
2158,456750,22.30322958,114.1899518,2.878
2158,456751,22.30323359,114.1899456,2.87
2158,456752,22.30324081,114.1899345,2.862
2158,456753,22.30325414,114.1899139,2.865
2158,456754,22.30327313,114.1898842,2.87
2158,456755,22.30329631,114.189847,2.855
2158,456756,22.30332251,114.1898044,2.829
2158,456757,22.30335106,114.189757,2.821
2158,456758,22.3033816,114.1897055,2.817
2158,456759,22.3034134,114.189652,2.824
2158,456760,22.30344573,114.1895991,2.804
2158,456761,22.30347885,114.1895475,2.792
2158,456762,22.30351158,114.1894962,2.803
2158,456763,22.3035409,114.1894501,2.822
2158,456764,22.30356416,114.1894108,2.84
2158,456765,22.30357991,114.1893728,2.825
2158,456766,22.30358406,114.189335,2.829
2158,456767,22.30357628,114.1893001,2.827
2158,456768,22.30355719,114.1892681,2.815
2158,456769,22.30352878,114.1892387,2.818
2158,456770,22.30349464,114.18921,2.841
2158,456771,22.30345548,114.1891813,2.866
2158,456772,22.30341187,114.1891507,2.852
2158,456773,22.30336532,114.1891179,2.869
2158,456774,22.30331787,114.1890845,2.874
2158,456775,22.30327093,114.1890507,2.912
2158,456776,22.30322448,114.1890165,2.97
2158,456777,22.30317953,114.1889842,2.977
2158,456778,22.30313723,114.1889548,2.964
2158,456779,22.30309936,114.1889303,2.963
2158,456780,22.30306732,114.1889102,2.961
2158,456781,22.30304253,114.1888952,2.968
2158,456782,22.30302561,114.1888853,2.984
2158,456783,22.30301634,114.18888,2.997
2158,456784,22.3030127,114.188878,3.066
2158,456785,22.30301224,114.1888777,3.08
2158,456786,22.30300864,114.1888757,3.078
2158,456787,22.30299938,114.1888708,3.079
2158,456788,22.30298081,114.188861,3.083
2158,456789,22.3029539,114.1888473,3.11
2158,456790,22.30291972,114.1888313,3.158
2158,456791,22.30287924,114.1888145,3.203
2158,456792,22.30283389,114.1887979,3.249
2158,456793,22.30278444,114.1887822,3.314
2158,456794,22.30273239,114.1887683,3.371
2158,456795,22.30267801,114.1887569,3.433
2158,456796,22.30262152,114.1887477,3.501
2158,456797,22.30256295,114.1887414,3.583
2158,456798,22.30250544,114.1887381,3.628
2158,456799,22.30245045,114.188739,3.698
2158,456800,22.30239929,114.1887473,3.769
2158,456801,22.30235258,114.1887633,3.854
2158,456802,22.30230875,114.1887871,3.928
2158,456803,22.30226688,114.1888196,3.949
2158,456804,22.30222688,114.1888602,3.903
2158,456805,22.30218975,114.1889061,3.809
2158,456806,22.30215396,114.1889568,3.714
2158,456807,22.30211946,114.1890115,3.633
2158,456808,22.3020913,114.1890691,3.551
2158,456809,22.30207404,114.1891274,3.496
2158,456810,22.30206838,114.1891821,3.426
2158,456811,22.30207138,114.1892288,3.365
2158,456812,22.30207863,114.1892633,3.324
2158,456813,22.30208483,114.1892828,3.304
2158,456814,22.3020876,114.1892906,3.305
2158,456815,22.30208785,114.1892913,3.315
2158,456816,22.30208786,114.1892913,3.321
2158,456817,22.30208786,114.1892913,3.325
2158,456818,22.30208786,114.1892913,3.328
2158,456819,22.30208787,114.1892913,3.33
2158,456820,22.30208787,114.1892913,3.332
2158,456821,22.30208787,114.1892913,3.332
2158,456822,22.30208788,114.1892913,3.332
2158,456823,22.30208788,114.1892913,3.332
2158,456824,22.30208789,114.1892913,3.333
2158,456825,22.30208789,114.1892913,3.333
2158,456826,22.3020879,114.1892913,3.333
2158,456827,22.30208791,114.1892913,3.333
2158,456828,22.3020879,114.1892913,3.333
2158,456829,22.30208789,114.1892913,3.331
2158,456830,22.30208808,114.1892919,3.326
2158,456831,22.30208961,114.1892962,3.317
2158,456832,22.30209543,114.1893113,3.301
2158,456833,22.30210591,114.1893354,3.275
2158,456834,22.30212068,114.1893653,3.24
2158,456835,22.30214042,114.1894005,3.205
2158,456836,22.30216524,114.1894395,3.144
2158,456837,22.30219509,114.1894823,3.074
2158,456838,22.30223017,114.1895288,2.984
2158,456839,22.30226733,114.1895762,2.9
2158,456840,22.30230477,114.1896252,2.824
2158,456841,22.30233825,114.1896757,2.774
2158,456842,22.30236053,114.1897295,2.808
2158,456843,22.3023674,114.1897842,2.852
2158,456844,22.30235908,114.1898353,2.884
2158,456845,22.30234172,114.1898814,2.909
2158,456846,22.30232203,114.1899286,2.945
2158,456847,22.30229988,114.1899816,2.981
2158,456848,22.30227664,114.1900401,3.031
2158,456849,22.30225433,114.1901,3.05
2158,456850,22.30223334,114.1901584,3.068
2158,456851,22.30221361,114.1902151,3.123
2158,456852,22.30219318,114.1902694,3.091
2158,456853,22.30216685,114.1903184,3.05
2158,456854,22.30213269,114.1903584,3.061
2158,456855,22.30209283,114.1903873,3.094
2158,456856,22.30204891,114.19041,3.122
2158,456857,22.30200104,114.1904326,3.166
2158,456858,22.3019499,114.1904565,3.191
2158,456859,22.30189861,114.1904815,3.196
2158,456860,22.30184884,114.1905063,3.216
2158,456861,22.30180128,114.19053,3.227
2158,456862,22.30175691,114.190548,3.207
2158,456863,22.30171341,114.1905554,3.194
2158,456864,22.30167239,114.1905499,3.172
2158,456865,22.30163673,114.190534,3.156
2158,456866,22.30160718,114.1905108,3.131
2158,456867,22.30158354,114.1904837,3.106
2158,456868,22.30156437,114.1904555,3.085
2158,456869,22.30154881,114.1904276,3.064
2158,456870,22.30153717,114.1904018,3.05
2158,456871,22.30153252,114.1903781,3.049
2158,456872,22.30153537,114.1903577,3.045
2158,456873,22.30154278,114.1903415,3.041
2158,456874,22.30154986,114.1903287,3.035
2158,456875,22.30155553,114.1903179,3.02
2158,456876,22.30155931,114.1903106,3.011
2158,456877,22.30155985,114.1903093,3.016
2158,456878,22.30155982,114.1903093,3.02
2158,456879,22.30155979,114.1903093,3.024
2158,456880,22.30155976,114.1903092,3.029
